-- phpMyAdmin SQL Dump
-- version 4.5.1
-- http://www.phpmyadmin.net
--
-- Host: 127.0.0.1
-- Generation Time: 2016-12-05 09:09:29
-- 服务器版本： 10.1.16-MariaDB
-- PHP Version: 5.6.24

SET SQL_MODE = "NO_AUTO_VALUE_ON_ZERO";
SET time_zone = "+00:00";


/*!40101 SET @OLD_CHARACTER_SET_CLIENT=@@CHARACTER_SET_CLIENT */;
/*!40101 SET @OLD_CHARACTER_SET_RESULTS=@@CHARACTER_SET_RESULTS */;
/*!40101 SET @OLD_COLLATION_CONNECTION=@@COLLATION_CONNECTION */;
/*!40101 SET NAMES utf8mb4 */;

--
-- Database: `cmssp`
--

-- --------------------------------------------------------

--
-- 表的结构 `cmssp_channel`
--

CREATE TABLE `cmssp_channel` (
  `id` bigint(20) UNSIGNED NOT NULL,
  `pic` varchar(45) DEFAULT NULL COMMENT '图片地址',
  `effect` text COMMENT '经脉主治',
  `visc` varchar(10) DEFAULT NULL COMMENT '经脉所属',
  `name` varchar(45) DEFAULT NULL COMMENT '经脉名称',
  `time` varchar(45) DEFAULT NULL COMMENT '24小时制时间',
  `shichen` varchar(45) DEFAULT NULL COMMENT '古时',
  `ext_data` text COMMENT 'json data here'
) ENGINE=InnoDB DEFAULT CHARSET=utf8;

--
-- 转存表中的数据 `cmssp_channel`
--

INSERT INTO `cmssp_channel` (`id`, `pic`, `effect`, `visc`, `name`, `time`, `shichen`, `ext_data`) VALUES
(1, 'http://img04.sogoucdn.com/app/a/200574/3b86bb', '是动则病，肺胀满，膨膨而喘咳，缺盆中痛，甚则交两手而瞀，此为臂厥。 是主肺所生病者，咳，上气，喘喝，烦心，胸满，臑臂内前廉痛厥，掌中热。 气盛有余，则肩背痛，风寒汗出中风，小便数而欠；气虚则肩背痛、寒，少气不足以息，溺色变。', '肺', '手太阴肺经', '3-5点', '寅时', '肺手太阴之脉，起于中焦,下络大肠,还循胃口,上隔属肺。从肺系，横出腋下,下循臑内，行少阴、心主之前，下肘中，循臂内上骨下廉，入寸口，上鱼，循鱼际，出大指之端。 其支者：从腕后，直出次指内廉，出其端。'),
(2, 'http://img03.sogoucdn.com/app/a/200574/3c4b9f', '是动则病，齿痛，颈肿。是主津所生病者：目黄，口干，鼽衄，喉痹，肩前臑痛，大指次指痛不可用。气有余，则当脉所过者热肿；虚，则寒栗不复。', '大肠', '手阳明大肠经', '5-7点', '卯时', '大肠手阳明之脉，起于大指次指之端，循指上廉，出合谷两骨之间，上入两筋之中，循臂上廉，入肘外廉，上臑外前廉，上肩，出颙骨之前廉，上出于柱骨之会上，下入缺盆，络肺，下隔，属大肠。其支者:从缺盆上颈，贯颊，入下齿中；还出夹口，交人中-左之右，右之左，上夹鼻孔。'),
(3, 'http://img01.sogoucdn.com/app/a/200574/00dcad', '是动则病，洒洒振寒，善伸，数欠，颜黑，病至则恶人与火，闻木声则惕然而惊，心欲动，独闭户塞牖而处；甚则欲上高而歌，弃衣而走；贲响腹胀，是为骭厥。是主血所生病者：狂，疟，温淫，汗出，鼽衄，口歪，唇胗，颈肿，喉痹，大腹水肿，膝髌肿痛；循膺、乳、气街、股、伏兔、骭外廉、足跗上皆痛，中指不用。气盛，则身以前皆热，其有余于胃，则消谷善饥，溺色黄；气不足，则身以前皆寒栗，胃中寒，则胀满。', '胃', '足阳明胃经', '7-9点', '辰时', '胃足阳明之脉，起于鼻，交頞中，旁约太阳之脉，下循鼻外，入上齿中，还出夹口，环唇，下交承浆，却循颐后下廉，出大迎，循颊车，上耳前，过客主人，循发际，至额颅。其支者：从大迎前，下人迎，循喉咙，入缺盆，下膈，属胃，络脾。其直者：从缺盆下乳内廉，下夹脐，入气街中。其支者：起于胃口，下循腹里，下至气街中而合。以下髀关，抵伏兔，下膝髌中，下循胫外廉，下足跗，入中指内间。其支者：下膝三寸而别，下入中指外间。其支者：别跗上，入大指间，出其端。'),
(4, 'http://img01.sogoucdn.com/app/a/200574/9a24e1', '是动则病，舌本强，食则呕，胃脘痛，腹胀善噫，得后与气，则快然如衰，身体皆重。是主脾所生病者：舌本痛，体重不能动摇，食不下，烦心，心下急痛，溏葭泄，水闭，黄疸，不能卧，强立（欠）股膝内肿、厥、足大指不用。脾之大络……实则身尽痛，虚则百节皆纵。', '脾', '足太阴脾经', '9-11点', '巳时', '脾足太阴之脉，起于大指之端，循指内侧白肉际，过核骨后，上内踝前廉，上踹内，循胫骨后，交出厥阴之前，上膝股内前廉，入腹，属脾，络胃，上隔，夹咽，连舌本，散舌下。其支者：复从胃，别上隔，注心中。脾之大络，名曰大包，出渊腋下三寸，布胸胁。'),
(5, 'http://img04.sogoucdn.com/app/a/200574/afff6e', '是动则病，益干，心痛，渴而欲饮，是为臂厥。是主心所生病者：目黄，胁痛，臑臂内后廉痛、厥，掌中热。', '心', '手少阴心经', '11-13点', '午时', '心手少阴之脉，起于心中，出属心系，下膈，络小肠。其支者：从心系，上夹咽，系目系。其直者：复从心系，却上肺，下出腋下，下循臑内后廉，行太阴、心主之后，下肘内，循臂内后廉，抵掌后锐骨之端，入掌内后廉，循小指之内，出其端。'),
(6, 'http://img02.sogoucdn.com/app/a/200574/496811', '是动则病，益痛，颔肿，不可以顾，肩似拔，臑似折  是主“液”所生病者，耳聋，目黄，颊肿，颈，颔，肩，臑，肘臂外后廉痛。', '小肠', '手太阳小肠经', '13-15点', '未时', '小肠手太阳之脉，起于小指之端，循手外侧上腕，出踝中，直上循臂骨下廉，出肘内侧两骨之间，上循臑外后廉，出肩解，绕肩胛，交肩上，入缺盆，络心，循咽下膈，抵胃，属小肠。其支者：从缺盆循颈，上颊，至目锐眦，却入耳中。其支者：别颊上拙，抵鼻，至目内眦（斜络于颧）。'),
(7, 'http://img03.sogoucdn.com/app/a/200574/53a1d9', '是动则病，冲头痛，目似脱，项如拔，脊痛，腰似折，髀不可以屈，腘如结，踹如裂，是为踝厥。是主筋所生病者，痔，疟，狂，癫疾，头囟项痛，目黄，泪出，鼽衄、项、背、腰、尻、腘、踹、脚皆痛，小指不用。', '膀胱经', '足太阳膀胱经', '15-17点', '申时', '膀胱足太阳之脉，起于目内眦，上额，交巅。其支者：从巅至耳上角。其直者：从巅入络脑，还出别下项，循肩髆内，夹脊抵腰中，入循膂，络肾，属膀胱。其支者，从腰中，下夹脊，贯臀，入腘中。其支者，从髆内左右别下贯胛，夹脊内，过髀枢，循髀外后廉下合腘中-以后贯踹内，出外踝之后，循京骨至小指外侧。'),
(8, 'http://img04.sogoucdn.com/app/a/200574/d51d1b', '是动则病，饥不欲食，面如漆柴，咳唾则有血，喝喝而喘，坐而欲起，目荒荒如无所见，心如悬若饥状，气不足则善恐，心惕惕如人将捕之，是为骨厥。是主肾所生病者，口热、舌干、咽肿，上气，益干及痛，烦心，心痛，黄疸，肠辟，脊、股内后廉痛，痿厥，嗜卧，足下热而痛。', '肾', '足少阴肾经', '17-19点', '酉时', '肾足少阴之脉，起于小指之下，邪走足心，出于然骨之下，循内踝之后，别入跟中，以上踹内，出腘内廉，上股内后廉，贯脊属肾，络膀胱。其直者，从肾上贯肝、膈，入肺中，循喉咙，夹舌本。其支者，从肺出，络心，注胸中。'),
(9, 'http://img02.sogoucdn.com/app/a/200574/3fd4c5', '是动则病，手心热，臂，肘挛急，腋肿；甚则胸胁支满，心中澹澹大动，面赤，目黄，喜笑不休。是主脉所生病者，烦心，心痛，掌中热。', '心包', '手厥阴心包经', '19-21点', '戌时', '心主手厥阴心包络之脉，起于胸中，出属心包络，下膈，历络三焦。其支者，循胸出胁，下腋三寸，上抵腋下，循臑内，行太阴、少阴之间，入肘中，下臂，行两筋之间，入掌中，循中指，出其端。其支者，别掌中，循小指次指出其端。'),
(10, 'http://img03.sogoucdn.com/app/a/200574/e9a92e', '是动则病，耳聋，浑浑焞焞，嗌肿，喉痹。是主气所生病者，汗出，目锐眦痛，颊肿，耳后、肩、臑、肘、臂外皆痛，小指次指不用。', '三焦', '手少阳三焦经', '21-23点', '亥时', '三焦手少阳之脉，起于小指次指之端，上出两指之间，循手表腕，出臂外两骨之间，上贯肘，循臑外上肩，而交出足少阳之后，入缺盆，布膻中，散络心包，下膈，遍属三焦。其支者，从膻中，上出缺盆，上项，系耳后，直上出耳上角，以屈下颊至拙。其支者，从耳后入耳中，出走耳前，过客主人，前交颊，至目锐眦。'),
(11, 'http://img01.sogoucdn.com/app/a/200574/ead245', '是动则病，口苦，善太息，心胁痛，不能转侧，甚则面微有尘，体无膏泽，足外反热，是为阳厥。是主骨所生病者，头痛，颔痛，目锐眦痛，缺盆中肿痛，腋下肿，马刀、侠瘿，汗出振寒，疟，胸胁、肋、髀、膝外至胫、绝骨、外踝前及诸节皆痛，小指次指不用。', '胆', '足少阳胆经', '23-1点', '子时', '胆足少阳之脉，起于目锐眦，上抵头角，下耳后，循颈，行手少阳之前，至肩上，却交出手少阳之后，入缺盆。其支者，从耳后入耳中，出走耳前，至目锐眦后。其支者，别锐眦，下大迎，合于手少阳，抵于拙，下加颊车，下颈，合缺盆，以下胸中，贯膈，络肝，属胆，循胁里，出气街，绕毛际，横入髀厌中。其直者，从缺盆下腋，循胸，过季胁，下合髀厌中。以下循髀阳，出膝外廉，下外辅骨之前，直下抵绝骨之端，下出外踝之前，循足跗上，入小指次指之间。其支者，别跗上，入大指之间，循大指岐骨内，出其端，还贯爪甲，出三毛。'),
(12, 'http://img01.sogoucdn.com/app/a/200574/e5ff53', '是动则病，腰痛不可以俯仰，丈夫㿉疝，妇人少腹肿，甚则嗌干，面尘脱色。是主肝所生病者，胸满，呕逆，飧泄，遗溺，闭癃。', '肝', '足厥阴肝经', '1-3点', '丑时', '肝足厥阴之脉，起于大指丛毛之际，上循足跗上廉，去内踝一寸，上踝八寸，交出太阴之后，上腘内廉，循股阴，入毛中，环阴器，抵小腹，挟胃，属肝，络胆，上贯膈，布胁肋，循喉咙之后，上入颃颡 ，连目系，上出额，与督脉会于巅。其支者，从目系下颊里，环唇内。其支者，复从肝别，贯膈，上注肺。'),
(13, 'http://img03.sogoucdn.com/app/a/200574/dc077a', '任脉为病，男子内结、七疝，女子带下，瘕聚。', '', '任脉', '', '', '任脉者，起于中极之下，以上毛际，循腹里，上关元，至咽喉，上颐循面入目。络脉：任脉之别，名曰尾翳，下鸠尾，散于腹。'),
(14, 'http://img03.sogoucdn.com/app/a/200574/d08066', '督脉为病，脊强反折。', '', '督脉', '', '', '起于少腹，以下骨中央（胞中），下出会阴，经长强，行于后背正中，上至风府，入属于脑，上巅，循额，至鼻柱，经素髎、水沟，会手足阳明，至兑端，入龈交。分支：其少腹直上者，贯脐中央，上贯心，入喉，上颐，环唇，上系两目之下中央。络脉：督脉之别，名曰长强，挟膂上项，散头上，下当肩胛左右，别走太阳，入贯膂。'),
(15, 'http://img02.sogoucdn.com/app/a/200574/137acc', '阳明虚则宗筋纵，带脉不引，故足痿不用也。', '', '带脉', '', '', '起于季胁，回身一周。'),
(16, 'http://img04.sogoucdn.com/app/a/200574/58bcba', '冲脉为病，逆气、里急。', '', '冲脉', '', '', '起于肾下胞中，经会阴,出于气街,并足少阴肾经,挟脐上行,至胸中而散。分支：1.从胸中上行，会咽喉，络唇口，其气血渗诸阳，灌诸精。2.从气街下行，并足少阴经。循阴股内廉，入腘中，行胫内廉，至内踝后，渗三阴。3.从内踝后分出，行足背，入大趾内间。4.从胞中向后，行于脊内。'),
(17, 'http://img03.sogoucdn.com/app/a/200574/6b24f7', '阳维维于阳,阴维维于阴,阴阳不能自相维,则怅然失志,溶溶不能自收持。阳维为病苦寒热；阴维为病苦心痛。', '', '阴维脉', '', '', '阴维脉起于“诸阴交”，各穴分布在小腿内侧和腹部第三侧线，于颈部与任脉交会于天突、廉泉。'),
(18, 'http://img04.sogoucdn.com/app/a/200574/f977ad', '阳维维于阳,阴维维于阴,阴阳不能自相维,则怅然失志,溶溶不能自收持。阳维为病苦寒热；阴维为病苦心痛。', '', '阳维脉', '', '', '阳维起于“诸阳会” ,各穴分布在小腿外侧和头肩外侧,于后项与督脉交会于风府、哑门. '),
(19, 'http://img01.sogoucdn.com/app/a/200574/251831', '阴跷为病，阳缓而阴急；阳跷为病，阴缓而阳急。', '', '阴跷脉', '', '', '起于跟中，出足少阴然骨之后（照海），上内踝之上，直上循阴股，入阴，上循胸里，至咽喉，交贯冲脉，入頄，属目内眦，合于太阳、阳跷而上行。 '),
(20, 'http://img02.sogoucdn.com/app/a/200574/302d1e', '阴跷为病，阳缓而阴急；阳跷为病，阴缓而阳急。', '', '阳跷脉', '', '', '起于跟中，出足太阳之申脉，循外踝上行，沿髀胁上肩，循面，交目内眦、会睛明，入脑，下耳后，入风池。'),
(21, 'http://img04.sogoucdn.com/app/a/200574/f977ad', '经外奇穴，《黄帝内经》中已有零散记载，如《素问.刺症论》、“刺十指间”、“刺舌下两脉”等，后《备急千金要方》、《外台秘要》等书记载甚多，至《奇效良方》才列“奇穴”一门。经外奇穴分布比较分散，但与经络仍有密切联系，如印堂穴与督脉，太阳穴与三焦等。其中少数腧穴，后来又补充到十四经穴，如督脉的阳关穴、中枢穴、灵台穴，膀胱经的眉冲穴、膏肓俞穴、厥阴俞穴等。随着针灸学术的发展，现代的一些新穴，诸如阑尾穴、球后穴等，亦入经外奇穴之列。', '', '经外奇穴', '', '', '');

-- --------------------------------------------------------

--
-- 表的结构 `cmssp_disease`
--

CREATE TABLE `cmssp_disease` (
  `id` bigint(20) UNSIGNED NOT NULL,
  `tag` varchar(200) DEFAULT NULL COMMENT '标签',
  `cateId` int(11) DEFAULT '0' COMMENT '分类ID',
  `name` varchar(45) DEFAULT NULL COMMENT '症状名称',
  `symptom` text COMMENT '症状描述',
  `cure` text COMMENT '症状治疗',
  `material` text COMMENT '症状药方',
  `ext_data` text COMMENT 'json data here'
) ENGINE=InnoDB DEFAULT CHARSET=utf8;

--
-- 转存表中的数据 `cmssp_disease`
--

INSERT INTO `cmssp_disease` (`id`, `tag`, `cateId`, `name`, `symptom`, `cure`, `material`, `ext_data`) VALUES
(1, '感冒', 1, '感冒', '出汗受风/受凉 等 导致  头疼、发热、汗出、恶风 等症状', '解肌 保胃气 补津液 热则凉之 凉则温之', '桂枝汤 麻黄汤 葛根汤 银翘散 桑菊饮 麻杏甘石汤 等', NULL),
(2, '长期低烧', 1, '长期低烧', '持续两周以上阵发性发热38°以下，或寒热如疟状', '脾阴虚 肾阴虚 包括器质性疾病导致的低热、功能性低热，常用甘温除热 养阴清热 用于气虚发热或阴虚发热，除此之外，还有肝郁、血瘀、湿热相蒸、阴虚血瘀、血虚等等', '脾阴虚用四君子汤加山药 肾阴虚用六味地黄汤加都气丸加柴芍桂', NULL),
(3, '肝郁', 1, '肝郁', '恶心，虚汗，反胃等症状', '疏肝解郁  酸敛补肝法治肝郁', '大小柴胡汤', NULL),
(4, '结石', 1, '结石', '尿道结石-尿频尿痛；肾结石：阵发性剧烈疼痛', '湿热熏蒸形成结石 利尿消石 除湿热', '金钱草 鸡内金 海金沙', NULL),
(5, '便秘', 1, '便秘', '便秘 or 便溏', '便秘-脾阴虚  便溏-脾阳虚', '脾阴虚-麻仁滋脾丸 脾阳虚-', NULL);

-- --------------------------------------------------------

--
-- 表的结构 `cmssp_point`
--

CREATE TABLE `cmssp_point` (
  `id` bigint(20) UNSIGNED NOT NULL,
  `tag` varchar(200) DEFAULT NULL COMMENT '穴位主治标签',
  `pic` varchar(200) DEFAULT NULL COMMENT '图片地址',
  `channelId` int(11) DEFAULT '0' COMMENT '分类ID 13经 7脉',
  `name` varchar(45) DEFAULT NULL COMMENT '穴位名称',
  `tone` varchar(45) DEFAULT NULL COMMENT '穴位拼音',
  `effect` text COMMENT '穴位按摩主治',
  `locate` text COMMENT '穴位定位',
  `expr` text COMMENT '经验取穴',
  `ext_data` text COMMENT 'json data here'
) ENGINE=InnoDB DEFAULT CHARSET=utf8;

--
-- 转存表中的数据 `cmssp_point`
--

INSERT INTO `cmssp_point` (`id`, `tag`, `pic`, `channelId`, `name`, `tone`, `effect`, `locate`, `expr`, `ext_data`) VALUES
(1, NULL, NULL, 1, '尺泽穴', 'chĭ zé xué', '俱活血之妙。中医讲治风先治血，血行风自灭。中医认为各种过敏多多少少都与“风”有关。', NULL, NULL, NULL),
(2, NULL, NULL, 1, '列缺穴', 'liè quē xué', '宣肺解表，通经活络，通调任脉。', NULL, NULL, NULL),
(3, NULL, NULL, 1, '少商穴', 'shào shāng xué', '解表清热，通利咽喉，苏厥开窍。', NULL, NULL, NULL),
(4, NULL, NULL, 1, '太渊穴', 'tài yuān xué', '散化肺经地部水湿，向天部输送肺气。', NULL, NULL, NULL),
(5, NULL, NULL, 1, '鱼际穴', 'yú jì xué', '清宣肺气，清热利咽。', NULL, NULL, NULL),
(6, NULL, NULL, 1, '侠白穴', 'xiá bái xué', '宣肺、宁心、宽胸、和胃。\r\n\r\n\r\n\r\n', NULL, NULL, NULL),
(7, NULL, NULL, 1, '中府穴', 'zhōng fŭ xué', '肃降肺气，和胃利水，止咳平喘，清泻肺热，健脾补气。', NULL, NULL, NULL),
(8, NULL, NULL, 1, '云门穴', 'yún mén xué', '清宣肺气，泻四肢之热邪。', NULL, NULL, NULL),
(9, NULL, NULL, 1, '天府穴', 'tiān fŭ xué', '清宣肺气，止衄，明目。', NULL, NULL, NULL),
(10, NULL, NULL, 1, '孔最穴', 'kŏng zuì xué', '清热、发表、利咽。', NULL, NULL, NULL),
(11, NULL, NULL, 1, '经渠穴', 'jīng qú xué', '降浊分清。', NULL, NULL, NULL),
(12, NULL, NULL, 2, '迎香穴', 'yíng xiāng xué', '疏散风热，通利鼻窍。', NULL, NULL, NULL),
(13, NULL, NULL, 2, '合谷穴', 'hé gŭ xué', '镇静止痛，通经活经，清热解表。', NULL, NULL, NULL),
(14, NULL, NULL, 2, '曲池穴', 'qŭ chí xué', '转化脾土之热，燥化大肠经湿热，提供天部阳热之气。', NULL, NULL, NULL),
(15, NULL, NULL, 2, '下廉穴', 'xià lián xué', '疏泄阳明经热。', NULL, NULL, NULL),
(16, NULL, NULL, 2, '商阳穴', 'shāng yáng xué', '气化大肠经体内水液，向大肠经体表经脉输送高温水湿气体。', NULL, NULL, NULL),
(17, NULL, NULL, 2, '上廉穴', 'shàng lián xué', '调理肠胃，通经活络。', NULL, NULL, NULL),
(18, NULL, NULL, 2, '二间穴', 'èr jiān xué', '解表，清热，利咽。', NULL, NULL, NULL),
(19, NULL, NULL, 2, '手五里穴', 'shŏu wŭ lĭ xué', '理气散结，通经活络。', NULL, NULL, NULL),
(20, NULL, NULL, 2, '偏历穴', 'piān lì xué', '治疗肘臂部痪痛、麻木、拘挛、瘰疬等。', NULL, NULL, NULL),
(21, NULL, NULL, 2, '巨骨穴', 'jù gŭ xué', '消肿散结。', NULL, NULL, NULL),
(22, NULL, NULL, 2, '天鼎穴', 'tiān dĭng xué', '利咽喉，清肺气。\r\n\r\n\r\n\r\n', NULL, NULL, NULL),
(23, NULL, NULL, 2, '温溜穴', 'wēn liū xué', '治疗头痛、面肿、肩臂酸痛、肠鸣腹痛等。', NULL, NULL, NULL),
(24, NULL, NULL, 2, '扶突穴', 'fú tū xué', '消肿散结，清咽开音。\r\n\r\n\r\n\r\n', NULL, NULL, NULL),
(25, NULL, NULL, 2, '口禾髎穴', 'kŏu hé liáo xué', '开关通窍。\r\n\r\n', NULL, NULL, NULL),
(26, NULL, NULL, 2, '臂臑穴', 'bì nào xué', '清热明目，通经通络。', NULL, NULL, NULL),
(27, NULL, NULL, 2, '阳溪穴', 'yáng xī xué', '祛风泄火。', NULL, NULL, NULL),
(28, NULL, NULL, 2, '手三里穴', 'shŏu sān lĭ xué', '通经活络，清热明目，调理肠胃。', NULL, NULL, NULL),
(29, NULL, NULL, 2, '肩髃穴', 'jiān yú xué', '疏散经络风湿，清泄阳明气火，通利关节，祛邪解热。', NULL, NULL, NULL),
(30, NULL, NULL, 2, '三间穴', 'sān jiān xué', '泄热利咽，调腑通便。', NULL, NULL, NULL),
(31, NULL, NULL, 2, '肘髎穴', 'zhŏu liáo xué', '舒筋活络。', NULL, NULL, NULL),
(32, NULL, NULL, 3, '足三里穴', 'zú sān lĭ xué', '具有调理脾胃、补中益气、通经活络、疏风化湿、扶正祛邪之功能。', NULL, NULL, NULL),
(33, NULL, NULL, 3, '丰隆穴', 'fēng lóng xué', '止咳平喘，健脾化痰，和胃降逆，开窍。', NULL, NULL, NULL),
(34, NULL, NULL, 3, '水道穴', 'shuĭ dào xué', '利水通淋消肿，调经止痛。', NULL, NULL, NULL),
(35, NULL, NULL, 3, '乳根穴', 'rŭ gēn xué', '通乳化瘀，宣肺利气。', NULL, NULL, NULL),
(36, NULL, NULL, 3, '承泣穴', 'chéng qì xué', '疏风清热，明目止痛。', NULL, NULL, NULL),
(37, NULL, NULL, 3, '人迎穴', 'rén yíng xué', '接收胃经气血并分流胸腹。', NULL, NULL, NULL),
(38, NULL, NULL, 3, '四白穴', 'sì bái xué', '散发脾热，向天部提供水湿。', NULL, NULL, NULL),
(39, NULL, NULL, 3, '天枢穴', 'tiān shū xué', '疏调肠腑、理气行滞、消食。', NULL, NULL, NULL),
(40, NULL, NULL, 3, '地仓穴', 'dì cāng xué', '分流胃经地部经水，为阳跷脉提供阳热之气。', NULL, NULL, NULL),
(41, NULL, NULL, 3, '上巨虚穴', 'shàng jù xū xué', '调和肠胃，通经活络。', NULL, NULL, NULL),
(42, NULL, NULL, 3, '内庭穴', 'nèi tíng xué', '清胃热，化积滞。', NULL, NULL, NULL),
(43, NULL, NULL, 3, '下关穴', 'xià guān xué', '利口舌咽喉。', NULL, NULL, NULL),
(44, NULL, NULL, 3, '气冲穴', 'qì chōng xué', '将冲脉之气渗灌胃经。', NULL, NULL, NULL),
(45, NULL, NULL, 3, '犊鼻穴', 'dú bí xué', '祛风湿，通经活络，疏风散寒，理气消肿，利关节止痛。', NULL, NULL, NULL),
(46, NULL, NULL, 3, '大巨穴', 'dà jù xué', '调肠，利气，固肾气。', NULL, NULL, NULL),
(47, NULL, NULL, 3, '头维穴', 'tóu wéi xué', '祛风泄火，止痛明目。', NULL, NULL, NULL),
(48, NULL, NULL, 3, '解溪穴', 'jiĕ xī xué', '理脾，化湿，清胃热。', NULL, NULL, NULL),
(49, NULL, NULL, 3, '缺盆穴', 'quē pén xué', '理气活血止痛。', NULL, NULL, NULL),
(50, NULL, NULL, 3, '冲阳穴', 'chōng yáng xué', '和胃化痰，通络宁神。', NULL, NULL, NULL),
(51, NULL, NULL, 3, '大迎穴', 'dà yíng xué', '祛风，利口齿。', NULL, NULL, NULL),
(52, NULL, NULL, 3, '水突穴', 'shuĭ tū xué', '冷却循颈项上炎的火热之气并为天部提供水湿阳气。', NULL, NULL, NULL),
(53, NULL, NULL, 3, '气舍穴', 'qì shĕ xué', '冷却循颈项上炎的火热之气并为天部提供水湿阳气。', NULL, NULL, NULL),
(54, NULL, NULL, 3, '气户穴', 'qì hù xué', '燥化胃经水湿，向天部输送阳热之气。', NULL, NULL, NULL),
(55, NULL, NULL, 3, '库房穴', 'kù fáng xué', '存储脾土微粒，燥化脾土水湿。', NULL, NULL, NULL),
(56, NULL, NULL, 3, '屋翳穴', 'wū yì xué', '散化胸部之热，为胸部提供阳热之气。', NULL, NULL, NULL),
(57, NULL, NULL, 3, '条口穴', 'tiáo kŏu xué', '调肠胃，利气，清热。', NULL, NULL, NULL),
(58, NULL, NULL, 3, '膺窗穴', 'yīng chuāng xué', '冷却循颈项上炎的火热之气并为天部提供水湿阳气。', NULL, NULL, NULL),
(59, NULL, NULL, 3, '不容穴', 'bù róng xué', '冷却循颈项上炎的火热之气并为天部提供水湿阳气。', NULL, NULL, NULL),
(60, NULL, NULL, 3, '梁丘穴', 'liáng qiū xué', '祛风除湿，理气和胃，通经活络。', NULL, NULL, NULL),
(61, NULL, NULL, 3, '承满穴', 'chéng măn xué', '理气和胃，降逆止呕。', NULL, NULL, NULL),
(62, NULL, NULL, 3, '归来穴', 'guī lái xué', '理气，提胞，治疝。', NULL, NULL, NULL),
(63, NULL, NULL, 3, '伏兔穴', 'fú tù xué', '祛寒湿，利腰膝。', NULL, NULL, NULL),
(64, NULL, NULL, 3, '梁门穴', 'liáng mén xué', '缓解治疗胃痛、呕吐、泄泻。', NULL, NULL, NULL),
(65, NULL, NULL, 3, '关门穴', 'guān mén xué', '脾土微粒屯留穴周内外，经水则循胃经下行。', NULL, NULL, NULL),
(66, NULL, NULL, 3, '太乙穴', 'tài yĭ xué', '食欲缺乏，腹泻，腹胀，涤痰，安神。', NULL, NULL, NULL),
(67, NULL, NULL, 3, '外陵穴', 'wài líng xué', '沉降胃经经气中的脾土尘埃。', NULL, NULL, NULL),
(68, NULL, NULL, 3, '阴市穴', 'yīn shì xué', '湿下焦、强腰膝、散寒湿。', NULL, NULL, NULL),
(69, NULL, NULL, 3, '颊车穴', 'jiá chē xué', '祛风清热，开关通络。', NULL, NULL, NULL),
(70, NULL, NULL, 3, '厉兑穴', 'lì duì xué', '清热和胃，苏厥醒神，通经活络。', NULL, NULL, NULL),
(71, NULL, NULL, 3, '乳中穴', 'rŭ zhōng xué', '男子为定位标志，女子为喂乳之用。', NULL, NULL, NULL),
(72, NULL, NULL, 3, '巨髎穴', 'jù liáo xué', '冷降胃浊。', NULL, NULL, NULL),
(73, NULL, NULL, 3, '滑肉门穴', 'huá ròu mén xué', '运化脾土。', NULL, NULL, NULL),
(74, NULL, NULL, 3, '下巨虚穴', 'xià jù xū xué', '', NULL, NULL, NULL),
(75, NULL, NULL, 3, '髀关穴', 'bì guān xué', '强腰膝，通经络。', NULL, NULL, NULL),
(76, NULL, NULL, 3, '陷谷穴', 'xiàn gŭ xué', '用于感冒，胸膜炎，胃炎，肠炎，肾炎。下肢瘫痪，足扭伤的治疗。', NULL, NULL, NULL),
(77, NULL, NULL, 4, '血海穴', 'xuè hăi xué', '活血通络，祛风止痒。', NULL, NULL, NULL),
(78, NULL, NULL, 4, '三阴交穴', 'sān yīn jiāo xué', '益气壮阳，健脾胃，益肝肾，调经带。', NULL, NULL, NULL),
(79, NULL, NULL, 4, '阴陵泉穴', 'yīn líng quán xué', '清利湿热，健脾理气，益肾调经，通经活络。', NULL, NULL, NULL),
(80, NULL, NULL, 4, '太白穴', 'tài bái xué', '健脾补脾。', NULL, NULL, NULL),
(81, NULL, NULL, 4, '大横穴', 'dà héng xué', '转运脾经水湿。', NULL, NULL, NULL),
(82, NULL, NULL, 4, '公孙穴', 'gōng sūn xué', '扶脾胃，理气机，调血海，和冲脉。', NULL, NULL, NULL),
(83, NULL, NULL, 4, '商丘穴', 'shāng qiū xué', '健脾化湿，通调肠胃。', NULL, NULL, NULL),
(84, NULL, NULL, 4, '大包穴', 'dà bāo xué', '统血养经，宽胸止痛。', NULL, NULL, NULL),
(85, NULL, NULL, 4, '地机穴', 'dì jī xué', '和脾理血，调燮胞宫。', NULL, NULL, NULL),
(86, NULL, NULL, 4, '冲门穴', 'chōng mén xué', '理血，调下焦。', NULL, NULL, NULL),
(87, NULL, NULL, 4, '大都穴', 'dà dū xué', '散发脾热。', NULL, NULL, NULL),
(88, NULL, NULL, 4, '府舍穴', 'fŭ shĕ xué', '气血物质为地部经水。', NULL, NULL, NULL),
(89, NULL, NULL, 4, '食窦穴', 'shí dòu xué', '气血物质为脾土微粒与经水的混合物。', NULL, NULL, NULL),
(90, NULL, NULL, 4, '天溪穴', 'tiān xī xué', '宽胸通乳，理气止咳。', NULL, NULL, NULL),
(91, NULL, NULL, 4, '胸乡穴', 'xiōng xiāng xué', '由本穴输散于脾经之外的胸部。外传脾气。', NULL, NULL, NULL),
(92, NULL, NULL, 4, '隐白穴', 'yĭn bái xué', '开窍醒神，调经统血，健脾回阳。', NULL, NULL, NULL),
(93, NULL, NULL, 4, '腹结穴', 'fù jié xué', '去湿健脾，理气调肠。', NULL, NULL, NULL),
(94, NULL, NULL, 4, '漏谷穴', 'lòu gŭ xué', '沉降脾经阴浊。', NULL, NULL, NULL),
(95, NULL, NULL, 4, '箕门穴', 'jī mén xué', '运化脾土微粒输送人体各部。', NULL, NULL, NULL),
(96, NULL, NULL, 4, '腹哀穴', 'fù āi xué', '健脾和胃，理气调肠。', NULL, NULL, NULL),
(97, NULL, NULL, 4, '周荣穴', 'zhōu róng xué', '咳嗽，气逆；胸胁胀满', NULL, NULL, NULL),
(98, NULL, NULL, 5, '少冲穴', 'shào chōng xué', '生发心气，清热熄风，醒神开窍。', NULL, NULL, NULL),
(99, NULL, NULL, 5, '少府穴', 'shào fŭ xué', '发散心火。', NULL, NULL, NULL),
(100, NULL, NULL, 5, '神门穴', 'shén mén xué', '补益心气，安定心神。', NULL, NULL, NULL),
(101, NULL, NULL, 5, '极泉穴', 'jí quán xué', '宽胸宁神。', NULL, NULL, NULL),
(102, NULL, NULL, 5, '青灵穴', 'qīng líng xué', '运化心血。', NULL, NULL, NULL),
(103, NULL, NULL, 5, '通里穴', 'tōng lĭ xué', '通经活络、养血安神', NULL, NULL, NULL),
(104, NULL, NULL, 5, '少海穴', 'shào hăi xué', '理气通络，益心安神，降浊升清。', NULL, NULL, NULL),
(105, NULL, NULL, 5, '灵道穴', 'líng dào xué', '安神，宁心，通络。', NULL, NULL, NULL),
(106, NULL, NULL, 5, '阴郄穴', 'yīn qiè xué', '沟通心肾。', NULL, NULL, NULL),
(107, NULL, NULL, 6, '后溪穴', 'hòu xī xué', '清心安神， 通经活络。', NULL, NULL, NULL),
(108, NULL, NULL, 6, '养老穴', 'yăng lăo xué', '清头明目，舒筋活络。', NULL, NULL, NULL),
(109, NULL, NULL, 6, '天宗穴', 'tiān zōng xué', '舒筋活络，理气消肿。', NULL, NULL, NULL),
(110, NULL, NULL, 6, '天窗穴', 'tiān chuāng xué', '疏散内热', NULL, NULL, NULL),
(111, NULL, NULL, 6, '肩贞穴', 'jiān zhēn xué', '舒筋利节，通络散结。\r\n\r\n', NULL, NULL, NULL),
(112, NULL, NULL, 6, '天容穴', 'tiān róng xué', '传递水湿', NULL, NULL, NULL),
(113, NULL, NULL, 6, '颧髎穴', 'quán liáo xué', '治疗三叉神经痛、面神经麻痹、面肌痉挛等。', NULL, NULL, NULL),
(114, NULL, NULL, 6, '少泽穴', 'shào zé xué', '生发金气。', NULL, NULL, NULL),
(115, NULL, NULL, 6, '臑俞穴', 'nào shū xué', '舒筋活络，化痰消肿。\r\n\r\n\r\n\r\n', NULL, NULL, NULL),
(116, NULL, NULL, 6, '曲垣穴', 'qŭ yuán xué', '舒筋活络， 疏风止痛。\r\n\r\n\r\n\r\n', NULL, NULL, NULL),
(117, NULL, NULL, 6, '肩外俞穴', 'jiān wài shū xué', '舒筋活络， 祛风止痛。\r\n\r\n\r\n\r\n', NULL, NULL, NULL),
(118, NULL, NULL, 6, '肩中俞穴', 'jiān zhōng shū xué', '解表宣肺。\r\n\r\n\r\n\r\n', NULL, NULL, NULL),
(119, NULL, NULL, 6, '阳谷穴', 'yáng gŭ xué', '疏风清热，通经活络。', NULL, NULL, NULL),
(120, NULL, NULL, 6, '听宫穴', 'tīng gōng xué', '聪耳开窍。 ', NULL, NULL, NULL),
(121, NULL, NULL, 6, '支正穴', 'zhī zhèng xué', '安神定志，清热解表，通经活络。', NULL, NULL, NULL),
(122, NULL, NULL, 6, '小海穴', 'xiăo hăi xué', '生发小肠之气。', NULL, NULL, NULL),
(123, NULL, NULL, 6, '腕骨穴', 'wàn gŭ xué', '舒筋活络，泌别清浊。', NULL, NULL, NULL),
(124, NULL, NULL, 6, '秉风穴', 'bĭng fēng xué', '散风活络，止咳化痰。', NULL, NULL, NULL),
(125, NULL, NULL, 6, '前谷穴', 'qián gŭ xué', '疏风清热，活络通乳。', NULL, NULL, NULL),
(126, NULL, NULL, 7, '膏肓穴', 'gāo huāng xué', '散热排脂。', NULL, NULL, NULL),
(127, NULL, NULL, 7, '昆仑穴', 'kūn lún xué', '安神清热，舒筋活络。', NULL, NULL, NULL),
(128, NULL, NULL, 7, '肺俞穴', 'fèi shū xué', '温肺润燥，止咳平喘。', NULL, NULL, NULL),
(129, NULL, NULL, 7, '申脉穴', 'shēn mài xué', '补阳益气，疏导水湿。', NULL, NULL, NULL),
(130, NULL, NULL, 7, '承山穴', 'chéng shān xué', '理气止痛，舒筋活络，消痔。', NULL, NULL, NULL),
(131, NULL, NULL, 7, '肾俞穴', 'shèn shū xué', '外散肾脏之热。', NULL, NULL, NULL),
(132, NULL, NULL, 7, '委中穴', 'wĕi zhōng xué', '通经活络，活血化瘀，清热凉血，开窍启闭，定志安神。', NULL, NULL, NULL),
(133, NULL, NULL, 7, '睛明穴', 'jīng míng xué', '降温除浊。', NULL, NULL, NULL),
(134, NULL, NULL, 7, '攒竹穴', 'cuán zhú xué', '吸热生气。', NULL, NULL, NULL),
(135, NULL, NULL, 7, '心俞穴', 'xīn shū xué', '散发心室之热。', NULL, NULL, NULL),
(136, NULL, NULL, 7, '天柱穴', 'tiān zhù xué', '清头明目，强筋骨。', NULL, NULL, NULL),
(137, NULL, NULL, 7, '肝俞穴', 'gān shū xué', '疏肝利胆，理气明目。', NULL, NULL, NULL),
(138, NULL, NULL, 7, '殷门穴', 'yīn mén xué', '舒筋通络，强腰膝。', NULL, NULL, NULL),
(139, NULL, NULL, 7, '秩边穴', 'zhì biān xué', '健腰腿、利下焦。', NULL, NULL, NULL),
(140, NULL, NULL, 7, '合阳穴', 'hé yáng xué', '舒筋通络，调经止带，强健腰膝。', NULL, NULL, NULL),
(141, NULL, NULL, 7, '飞扬穴', 'fēi yáng xué', '清热安神，舒筋活络。', NULL, NULL, NULL),
(142, NULL, NULL, 7, '脾俞穴', 'pí shū xué', '健脾和胃，利湿升清。', NULL, NULL, NULL),
(143, NULL, NULL, 7, '大肠俞穴', 'dà cháng shū xué', '理气降逆，调和肠胃。', NULL, NULL, NULL),
(144, NULL, NULL, 7, '至阴穴', 'zhì yīn xué', '正胎催产，理气活血，清头明目。', NULL, NULL, NULL),
(145, NULL, NULL, 7, '膈俞穴', 'gé shū xué', '理气宽胸，活血通脉。', NULL, NULL, NULL),
(146, NULL, NULL, 7, '风门穴', 'fēng mén xué', '伤风咳嗽，头痛发热，胸背彻痛，项强，痈疽发背等。', NULL, NULL, NULL),
(147, NULL, NULL, 7, '通天穴', 'tōng tiān xué', '清热除湿。', NULL, NULL, NULL),
(148, NULL, NULL, 7, '玉枕穴', 'yù zhĕn xué', '升清降浊。', NULL, NULL, NULL),
(149, NULL, NULL, 7, '志室穴', 'zhì shì xué', '益肾固精，清热利湿，强壮腰膝。', NULL, NULL, NULL),
(150, NULL, NULL, 7, '次髎穴', 'cì liáo xué', '补益下焦，强腰利湿。', NULL, NULL, NULL),
(151, NULL, NULL, 7, '大杼穴', 'dà zhù xué', '清热解表，强筋骨。', NULL, NULL, NULL),
(152, NULL, NULL, 7, '京骨穴', 'jīng gŭ xué', '清热止痉，明目舒筋。', NULL, NULL, NULL),
(153, NULL, NULL, 7, '束骨穴', 'shù gŭ xué', '通经活络，清头明目。', NULL, NULL, NULL),
(154, NULL, NULL, 7, '膀胱俞穴', 'páng guāng shū xué', '外膀胱腑之热。', NULL, NULL, NULL),
(155, NULL, NULL, 7, '胃俞穴', 'wèi shū xué', '和胃健脾，理中降逆。', NULL, NULL, NULL),
(156, NULL, NULL, 7, '承扶穴', 'chéng fú xué', '通便消痔，舒筋活络。', NULL, NULL, NULL),
(157, NULL, NULL, 7, '胆俞穴', 'dăn shū xué', '外散胆腑之热。', NULL, NULL, NULL),
(158, NULL, NULL, 7, '三焦俞穴', 'sān jiāo shū xué', '外散三焦腑之热。', NULL, NULL, NULL),
(159, NULL, NULL, 7, '眉冲穴', 'méi chōng xué', '疏风清热，通络明目。', NULL, NULL, NULL),
(160, NULL, NULL, 7, '曲差穴', 'qū chā xué', '疏风清热，通络明目。', NULL, NULL, NULL),
(161, NULL, NULL, 7, '承光穴', 'chéng guāng xué', '疏风清热，通络明目。', NULL, NULL, NULL),
(162, NULL, NULL, 7, '络却穴', 'luò què xué', '清热安神，平肝熄风。', NULL, NULL, NULL),
(163, NULL, NULL, 7, '厥阴俞穴', 'jué yīn shū xué', '宽胸理气，活血止痛。', NULL, NULL, NULL),
(164, NULL, NULL, 7, '督俞穴', 'dū shū xué', '理气止痛，强心通脉。', NULL, NULL, NULL),
(165, NULL, NULL, 7, '气海俞穴', 'qì hăi shū xué', '生发阳气。', NULL, NULL, NULL),
(166, NULL, NULL, 7, '关元俞穴', 'guān yuán shū xué', '外散小腹内部之热。', NULL, NULL, NULL),
(167, NULL, NULL, 7, '小肠俞穴', 'xiăo cháng shū xué', '外散小肠腑之热。', NULL, NULL, NULL),
(168, NULL, NULL, 7, '承筋穴', 'chéng jīn xué', '舒筋活络，强健腰膝，清泄肠热。', NULL, NULL, NULL),
(169, NULL, NULL, 7, '跗阳穴', 'fū yáng xué', '吸热化湿。', NULL, NULL, NULL),
(170, NULL, NULL, 7, '金门穴', 'jīn mén xué', '补阳益气，疏导水湿。', NULL, NULL, NULL),
(171, NULL, NULL, 7, '中膂俞穴', 'zhōng lǚ shū xué', '益肾温阳，调理下焦。', NULL, NULL, NULL),
(172, NULL, NULL, 7, '上髎穴', 'shàng liáo xué', '调理下焦，通经活络。', NULL, NULL, NULL),
(173, NULL, NULL, 7, '中髎穴', 'zhōng liáo xué', '补益下焦，强腰利湿。', NULL, NULL, NULL),
(174, NULL, NULL, 7, '浮郄穴', 'fú qiè xué', '清热降温。', NULL, NULL, NULL),
(175, NULL, NULL, 7, '委阳穴', 'wĕi yáng xué', '益气补阳。', NULL, NULL, NULL),
(176, NULL, NULL, 7, '附分穴', 'fù fēn xué', '运化膀胱经水湿上行天部。', NULL, NULL, NULL),
(177, NULL, NULL, 7, '魄户穴', 'pò hù xué', '理气降逆，舒筋活络。', NULL, NULL, NULL),
(178, NULL, NULL, 7, '譩譆穴', 'yī xī xué', '宣肺理气，通络止痛。', NULL, NULL, NULL),
(179, NULL, NULL, 7, '膈关穴', 'gé guān xué', '宽胸理气，和胃降逆。', NULL, NULL, NULL),
(180, NULL, NULL, 7, '魂门穴', 'hún mén xué', '疏肝理气，降逆和胃。', NULL, NULL, NULL),
(181, NULL, NULL, 7, '阳纲穴', 'yáng gāng xué', '疏肝利胆，健脾和中。', NULL, NULL, NULL),
(182, NULL, NULL, 7, '意舍穴', 'yì shĕ xué', '健脾和胃，利胆化湿。', NULL, NULL, NULL),
(183, NULL, NULL, 7, '胃仓穴', 'wèi cāng xué', '和胃健脾，消食导滞。', NULL, NULL, NULL),
(184, NULL, NULL, 7, '肓门穴', 'huāng mén xué', '理气和胃，清热消肿。', NULL, NULL, NULL),
(185, NULL, NULL, 7, '胞肓穴', 'bāo huāng xué', '补肾强腰，通利二便。', NULL, NULL, NULL),
(186, NULL, NULL, 7, '足通谷穴', 'zú tōng gŭ xué', '清热安神，清头明目。', NULL, NULL, NULL),
(187, NULL, NULL, 7, '白环俞穴', 'bái huán shū xué', '调经止带，益肾固精。', NULL, NULL, NULL),
(188, NULL, NULL, 7, '下髎穴', 'xià liáo xué', '调经止带，补益下焦，强腰利湿。', NULL, NULL, NULL),
(189, NULL, NULL, 7, '会阳穴', 'huì yáng xué', '温里止痛，清热利湿，益肾固带。', NULL, NULL, NULL),
(190, NULL, NULL, 7, '神堂穴', 'shén táng xué', '宽胸理气，宁心安神。', NULL, NULL, NULL),
(191, NULL, NULL, 7, '仆参穴', 'pú cān xué', '益气壮阳，舒筋活络，强壮腰膝。', NULL, NULL, NULL),
(192, NULL, NULL, 7, '五处穴', 'wŭ chù xué', '疏风清热，通络明目。', NULL, NULL, NULL),
(193, NULL, NULL, 8, '太溪穴', 'tài xī xué', '滋补肾阴。', NULL, NULL, NULL),
(194, NULL, NULL, 8, '涌泉穴', 'yŏng quán xué', '散热生气。', NULL, NULL, NULL),
(195, NULL, NULL, 8, '照海穴', 'zhào hăi xué', '吸热生气。', NULL, NULL, NULL),
(196, NULL, NULL, 8, '复溜穴', 'fù liū xué', '补肾益阴，温阳利水', NULL, NULL, NULL),
(197, NULL, NULL, 8, '阴谷穴', 'yīn gŭ xué', '益肾调经，理气止痛。', NULL, NULL, NULL),
(198, NULL, NULL, 8, '然谷穴', 'rán gŭ xué', '泻热、消胀、宁神。', NULL, NULL, NULL),
(199, NULL, NULL, 8, '筑宾穴', 'zhù bīn xué', '理下焦、清神。', NULL, NULL, NULL),
(200, NULL, NULL, 8, '横骨穴', 'héng gŭ xué', '受热后循肾经上传大赫穴及输散腹部各处。清热除燥。', NULL, NULL, NULL),
(201, NULL, NULL, 8, '大钟穴', 'dà zhōng xué', '益肾平喘，调理二便。', NULL, NULL, NULL),
(202, NULL, NULL, 8, '大赫穴', 'dà hè xué', '循肾经上传。散热生气。', NULL, NULL, NULL),
(203, NULL, NULL, 8, '四满穴', 'sì măn xué', '散热冷降下行于中注穴。除湿降浊。', NULL, NULL, NULL),
(204, NULL, NULL, 8, '中注穴', 'zhōng zhù xué', '利湿健脾。', NULL, NULL, NULL),
(205, NULL, NULL, 8, '商曲穴', 'shāng qŭ xué', '运化水湿，清热降温。', NULL, NULL, NULL),
(206, NULL, NULL, 8, '阴都穴', 'yīn dū xué', '调肠胃、理气滞', NULL, NULL, NULL),
(207, NULL, NULL, 8, '气穴', 'qì xué', '补益肾气、调理下焦。', NULL, NULL, NULL),
(208, NULL, NULL, 8, '交信穴', 'jiāo xìn xué', '益肾调经，调理二便。', NULL, NULL, NULL),
(209, NULL, NULL, 8, '腹通谷穴', 'fù tōng gŭ xué', '主治消化不良等。', NULL, NULL, NULL),
(210, NULL, NULL, 8, '幽门穴', 'yōu mén xué', '降逆和胃.', NULL, NULL, NULL),
(211, NULL, NULL, 8, '步廊穴', 'bù láng xué', '宽胸、利气、降逆。', NULL, NULL, NULL),
(212, NULL, NULL, 8, '神封穴', 'shén fēng xué', '降浊升清。', NULL, NULL, NULL),
(213, NULL, NULL, 8, '灵墟穴', 'líng xū xué', '宽胸、利气。', NULL, NULL, NULL),
(214, NULL, NULL, 8, '神藏穴', 'shén cáng xué', '宽胸、利气。', NULL, NULL, NULL),
(215, NULL, NULL, 8, '彧中穴', 'yù zhōng xué', '生气壮阳。', NULL, NULL, NULL),
(216, NULL, NULL, 8, '俞府穴', 'shū fŭ xué', '利气、平喘', NULL, NULL, NULL),
(217, NULL, NULL, 8, '水泉穴', 'shuĭ quán xué', '清热益肾，通经活络。', NULL, NULL, NULL),
(218, NULL, NULL, 8, '肓俞穴', 'huāng shū xué', '积脂散热。', NULL, NULL, NULL),
(219, NULL, NULL, 8, '石关穴', 'shí guān xué', '益气壮阳，攻坚消满，调理气血。', NULL, NULL, NULL),
(220, NULL, NULL, 9, '内关穴', 'nèi guān xué', '疏导水湿、宁心安神、理气镇痛。', NULL, NULL, NULL),
(221, NULL, NULL, 9, '天泉穴', 'tiān quán xué', '散热增湿。', NULL, NULL, NULL),
(222, NULL, NULL, 9, '大陵穴', 'dà líng xué', '燥湿生气。', NULL, NULL, NULL),
(223, NULL, NULL, 9, '劳宫穴', 'láo gōng xué', '散热燥湿。', NULL, NULL, NULL),
(224, NULL, NULL, 9, '曲泽穴', 'qŭ zé xué', '清热除烦，舒筋活血。', NULL, NULL, NULL),
(225, NULL, NULL, 9, '郄门穴', 'qiè mén xué', '宁心，理气，活血。', NULL, NULL, NULL),
(226, NULL, NULL, 9, '间使穴', 'jiān shĭ xué', '宽胸和胃，清心安神，截疟。', NULL, NULL, NULL),
(227, NULL, NULL, 9, '天池穴', 'tiān chí xué', '宽胸、消胀。', NULL, NULL, NULL),
(228, NULL, NULL, 9, '中冲穴', 'zhōng chōng xué', '苏厥开窍，清心泄热。', NULL, NULL, NULL),
(229, NULL, NULL, 10, '会宗穴', 'huì zōng xué', '清利三焦，安神定志，疏通经络。', NULL, NULL, NULL),
(230, NULL, NULL, 10, '三阳络穴', 'sān yáng luò xué', '舒筋通络，开窍镇痛。', NULL, NULL, NULL),
(231, NULL, NULL, 10, '清冷渊穴', 'qīng lĕng yuān xué', '运化水湿。', NULL, NULL, NULL),
(232, NULL, NULL, 10, '消泺穴', 'xiāo luò xué', '除湿降浊。', NULL, NULL, NULL),
(233, NULL, NULL, 10, '臑会穴', 'nào huì xué', '降浊除湿。', NULL, NULL, NULL),
(234, NULL, NULL, 10, '天髎穴', 'tiān liáo xué', '收引天部湿浊。', NULL, NULL, NULL),
(235, NULL, NULL, 10, '天牖穴', 'tiān yŏu xué', '清头明目，通经活络。', NULL, NULL, NULL),
(236, NULL, NULL, 10, '颅息穴', 'lú xī xué', '清热降浊。', NULL, NULL, NULL),
(237, NULL, NULL, 10, '耳和髎穴', 'ĕr hé liáo xué', '清热降浊', NULL, NULL, NULL),
(238, NULL, NULL, 10, '阳池穴', 'yáng chí xué', '生发阳气，沟通表里。', NULL, NULL, NULL),
(239, NULL, NULL, 10, '丝竹空穴', 'sī zhú kōng xué', '疏风清热，明目安神。', NULL, NULL, NULL),
(240, NULL, NULL, 10, '肩髎穴', 'jiān liáo xué', '升清降浊。', NULL, NULL, NULL),
(241, NULL, NULL, 10, '翳风穴', 'yì fēng xué', '聪耳通窍，散内泄热。 ', NULL, NULL, NULL),
(242, NULL, NULL, 10, '四渎穴', 'sì dú xué', '开窍聪耳，清利咽喉。', NULL, NULL, NULL),
(243, NULL, NULL, 10, '天井穴', 'tiān jĭng xué', '行气散结，安神通络。', NULL, NULL, NULL),
(244, NULL, NULL, 10, '瘛脉穴', 'zhì mài xué', '熄风解痉，活络通窍。', NULL, NULL, NULL),
(245, NULL, NULL, 10, '支沟穴', 'zhī gōu xué', '清利三焦，通腑降逆。', NULL, NULL, NULL),
(246, NULL, NULL, 10, '耳门穴', 'ĕr mén xué', '聪耳，利牙关。', NULL, NULL, NULL),
(247, NULL, NULL, 10, '关冲穴', 'guān chōng xué', '泄热、利喉舌、开窍、活血通络。', NULL, NULL, NULL),
(248, NULL, NULL, 10, '中渚穴', 'zhōng zhŭ xué', '传递气血，生发风气。', NULL, NULL, NULL),
(249, NULL, NULL, 10, '液门穴', 'yè mén xué', '降浊升清。', NULL, NULL, NULL),
(250, NULL, NULL, 10, '角孙穴', 'jiăo sūn xué', '吸湿降浊。', NULL, NULL, NULL),
(251, NULL, NULL, 10, '外关穴', 'wài guān xué', '联络气血，补阳益气。', NULL, NULL, NULL),
(252, NULL, NULL, 11, '阳陵泉穴', 'yáng líng quán xué', '利胆祛湿，通经活络。', NULL, NULL, NULL),
(253, NULL, NULL, 11, '五枢穴', 'wŭ shū xué', '调带脉，理下焦。', NULL, NULL, NULL),
(254, NULL, NULL, 11, '维道穴', 'wéi dào xué', '调带脉，理下焦，舒筋，益肾。', NULL, NULL, NULL),
(255, NULL, NULL, 11, '阳交穴', 'yáng jiāo xué', '利腿足、镇惊、清热。', NULL, NULL, NULL),
(256, NULL, NULL, 11, '环跳穴', 'huán tiào xué', '健脾益气。', NULL, NULL, NULL),
(257, NULL, NULL, 11, '听会穴', 'tīng huì xué', '清降寒浊。', NULL, NULL, NULL),
(258, NULL, NULL, 11, '完骨穴', 'wán gŭ xué', '疏导水液', NULL, NULL, NULL),
(259, NULL, NULL, 11, '渊腋穴', 'yuān yè xué', '排泄水液', NULL, NULL, NULL),
(260, NULL, NULL, 11, '风池穴', 'fēng chí xué', '壮阳益气。', NULL, NULL, NULL),
(261, NULL, NULL, 11, '外丘穴', 'wài qiū xué', '舒肝理气，通络安神。', NULL, NULL, NULL),
(262, NULL, NULL, 11, '阳辅穴', 'yáng fŭ xué', '祛风湿、利筋骨，泻胆火。\r\n\r\n\r\n\r\n', NULL, NULL, NULL),
(263, NULL, NULL, 11, '地五会穴', 'dì wŭ huì xué', '利胸胁、消乳肿。\r\n\r\n', NULL, NULL, NULL),
(264, NULL, NULL, 11, '足窍阴穴', 'zú qiào yīn xué', '泄热、利胁、通窍。\r\n\r\n', NULL, NULL, NULL),
(265, NULL, NULL, 11, '膝阳关穴', 'xī yáng guān xué', '运动系统疾病：膝关节炎，下肢瘫痪，膝关节及周围软组织疾患，脚气；\r\n\r\n精神神经系统疾病：股外侧皮神经麻痹，坐骨神经痛。', NULL, NULL, NULL),
(266, NULL, NULL, 11, '肩井穴', 'jiān jĭng xué', '疏导水液。', NULL, NULL, NULL),
(267, NULL, NULL, 11, '带脉穴', 'dài mài xué', '健脾利湿，调经止带。', NULL, NULL, NULL),
(268, NULL, NULL, 11, '悬钟穴', 'xuán zhōng xué', '舒筋活络、清热生气、舒肝益肾。', NULL, NULL, NULL),
(269, NULL, NULL, 11, '日月穴', 'rì yuè xué', '收募胆经气血。', NULL, NULL, NULL),
(270, NULL, NULL, 11, '风市穴', 'fēng shì xué', '舒筋活络，祛风化湿，通经活络。', NULL, NULL, NULL),
(271, NULL, NULL, 11, '京门穴', 'jīng mén xué', '健腰，利水，消胀。', NULL, NULL, NULL),
(272, NULL, NULL, 11, '侠溪穴', 'xiá xī xué', '平肝熄风，消肿止痛。', NULL, NULL, NULL),
(273, NULL, NULL, 11, '中渎穴', 'zhōng dú xué', '疏导水湿。', NULL, NULL, NULL),
(274, NULL, NULL, 11, '阳白穴', 'yáng bái xué', '生气壮阳。', NULL, NULL, NULL),
(275, NULL, NULL, 11, '光明穴', 'guāng míng xué', '联络肝胆气血。', NULL, NULL, NULL),
(276, NULL, NULL, 11, '丘墟穴', 'qiū xū xué', '生发风气。', NULL, NULL, NULL),
(277, NULL, NULL, 11, '瞳子髎穴', 'tóng zĭ liáo xué', '降浊去湿。', NULL, NULL, NULL),
(278, NULL, NULL, 11, '率谷穴', 'shuài gŭ xué', '有疏风活络、镇惊止痛的作用。', NULL, NULL, NULL),
(279, NULL, NULL, 11, '浮白穴', 'fú bái xué', '有疏肝利胆、散风通经的作用。', NULL, NULL, NULL),
(280, NULL, NULL, 11, '脑空穴', 'năo kōng xué', '降浊分清。', NULL, NULL, NULL),
(281, NULL, NULL, 11, '足临泣穴', 'zú lín qì xué', '运化风气，冷降水湿。', NULL, NULL, NULL),
(282, NULL, NULL, 11, '居髎穴', 'jū liáo xué', '舒筋活络，益肾强健。', NULL, NULL, NULL),
(283, NULL, NULL, 11, '上关穴', 'shàng guān xué', '祛风镇惊，聪耳利齿。', NULL, NULL, NULL),
(284, NULL, NULL, 11, '颔厌穴', 'hàn yàn xué', '祛风镇惊。', NULL, NULL, NULL),
(285, NULL, NULL, 11, '悬颅穴', 'xuán lú xué', '祛风明目，清热消肿。', NULL, NULL, NULL),
(286, NULL, NULL, 11, '悬厘穴', 'xuán lí xué', '祛风镇惊。', NULL, NULL, NULL),
(287, NULL, NULL, 11, '曲鬓穴', 'qŭ bìn xué', '祛头风，利口颊。', NULL, NULL, NULL),
(288, NULL, NULL, 11, '天冲穴', 'tiān chōng xué', '祛风，定惊，清热消肿。', NULL, NULL, NULL),
(289, NULL, NULL, 11, '头窍阴穴', 'tóu qiào yīn xué', '祛风，清热，舒筋。', NULL, NULL, NULL),
(290, NULL, NULL, 11, '本神穴', 'bĕn shén xué', '宁神，祛风，舒筋。', NULL, NULL, NULL),
(291, NULL, NULL, 11, '头临泣穴', 'tóu lín qì xué', '明目，祛风，清神。', NULL, NULL, NULL),
(292, NULL, NULL, 11, '目窗穴', 'mù chuāng xué', '明目开窍，祛风定惊。', NULL, NULL, NULL),
(293, NULL, NULL, 11, '正营穴', 'zhèng yíng xué', '祛风，利口齿。', NULL, NULL, NULL),
(294, NULL, NULL, 11, '承灵穴', 'chéng líng xué', '祛风，通窍。', NULL, NULL, NULL),
(295, NULL, NULL, 11, '辄筋穴', 'zhé jīn xué', '降逆平喘，理气止痛。', NULL, NULL, NULL),
(296, NULL, NULL, 12, '太冲穴', 'tài chōng xué', '行气解郁，活血化淤，清肝利胆。', NULL, NULL, NULL),
(297, NULL, NULL, 12, '章门穴', 'zhāng mén xué', '有息风的作用。中医认为各种过敏多多少少都与“风”有关。', NULL, NULL, NULL),
(298, NULL, NULL, 12, '曲泉穴', 'qŭ quán xué', '清肝火、祛湿热。', NULL, NULL, NULL),
(299, NULL, NULL, 12, '中封穴', 'zhōng fēng xué', '清泄肝胆，通利下焦，舒筋通络。', NULL, NULL, NULL),
(300, NULL, NULL, 12, '中都穴', 'zhōng dū xué', '舒肝理气，调经止血。', NULL, NULL, NULL),
(301, NULL, NULL, 12, '足五里穴', 'zú wŭ lĭ xué', '有舒理肝经之气，清利下焦湿热之功。', NULL, NULL, NULL),
(302, NULL, NULL, 12, '阴廉穴', 'yīn lián xué', '调经止带，通利下焦。', NULL, NULL, NULL),
(303, NULL, NULL, 12, '急脉穴', 'jí mài xué', '治疗少腹痛,月经不调,应挺,疝气,应茎痛,腿痛等。', NULL, NULL, NULL),
(304, NULL, NULL, 12, '行间穴', 'háng jiān xué', '清肝泻热，凉血安神，熄风活络。', NULL, NULL, NULL),
(305, NULL, NULL, 12, '期门穴', 'qī mén xué', '健脾疏肝，理气活血。', NULL, NULL, NULL),
(306, NULL, NULL, 12, '蠡沟穴', 'lí gōu xué', '有疏肝理气、调理经脉的作用。', NULL, NULL, NULL),
(307, NULL, NULL, 12, '大敦穴', 'dà dūn xué', '回阳救逆，调经通淋。', NULL, NULL, NULL),
(308, NULL, NULL, 12, '膝关穴', 'xī guān xué', '散风祛湿，疏通关节。', NULL, NULL, NULL),
(309, NULL, NULL, 12, '阴包穴', 'yīn bāo xué', '调经止痛，利尿通淋。', NULL, NULL, NULL),
(310, NULL, NULL, 13, '膻中穴', 'shān zhōng xué', '调理肺气不降之上逆、心之气血郁滞以及肝气郁结等症。', NULL, NULL, NULL),
(311, NULL, NULL, 13, '关元穴', 'guān yuán xué', '具有补肾壮阳、温通经络、理气和血、补虚益损，壮一身之元气等作用。', NULL, NULL, NULL),
(312, NULL, NULL, 13, '气海穴', 'qì hăi xué', '温阳益气、化湿理气。', NULL, NULL, NULL),
(313, NULL, NULL, 13, '神阙穴', 'shén què xué', '温补元阳，健运脾胃，复苏固脱之效。', NULL, NULL, NULL),
(314, NULL, NULL, 13, '会阴穴', 'huì yīn xué', '醒神镇惊，通调二阴。', NULL, NULL, NULL),
(315, NULL, NULL, 13, '阴交穴', 'yīn jiāo xué', '收引浊气。', NULL, NULL, NULL),
(316, NULL, NULL, 13, '中庭穴', 'zhōng tíng xué', '宽胸理气、疏膈利气、和胃降逆。', NULL, NULL, NULL),
(317, NULL, NULL, 13, '紫宫穴', 'zĭ gōng xué', '散热益气。', NULL, NULL, NULL),
(318, NULL, NULL, 13, '璇玑穴', 'xuán jī xué', '宽胸利肺、止咳平喘。', NULL, NULL, NULL),
(319, NULL, NULL, 13, '中脘穴', 'zhōng wăn xué', '和胃健脾、降逆利水。', NULL, NULL, NULL),
(320, NULL, NULL, 13, '下脘穴', 'xià wăn xué', '疏导水湿。', NULL, NULL, NULL),
(321, NULL, NULL, 13, '天突穴', 'tiān tū xué', '吸热生气。', NULL, NULL, NULL),
(322, NULL, NULL, 13, '廉泉穴', 'lián quán xué', '利喉舒舌、消肿止痛。', NULL, NULL, NULL),
(323, NULL, NULL, 13, '水分穴', 'shuĭ fēn xué', '分流水湿。', NULL, NULL, NULL),
(324, NULL, NULL, 13, '巨阙穴', 'jù què xué', '安神宁心，宽胸止痛。', NULL, NULL, NULL),
(325, NULL, NULL, 13, '上脘穴', 'shàng wăn xué', '和胃降逆、化痰宁神。', NULL, NULL, NULL),
(326, NULL, NULL, 13, '石门穴', 'shí mén xué', '募集三焦经气血。', NULL, NULL, NULL),
(327, NULL, NULL, 13, '中极穴', 'zhōng jí xué', '', NULL, NULL, NULL),
(328, NULL, NULL, 13, '玉堂穴', 'yù táng xué', '宽胸理气、止咳利咽。', NULL, NULL, NULL),
(329, NULL, NULL, 13, '承浆穴', 'chéng jiāng xué', '清热疏风。', NULL, NULL, NULL),
(330, NULL, NULL, 13, '曲骨穴', 'qŭ gŭ xué', '通利小便，调经止痛。', NULL, NULL, NULL),
(331, NULL, NULL, 13, '鸠尾穴', 'jiū wĕi xué', '理气，安心宁神、宽胸定喘。', NULL, NULL, NULL),
(332, NULL, NULL, 13, '建里穴', 'jiàn lĭ xué', '消食导滞，和胃健脾、通降腑气。', NULL, NULL, NULL),
(333, NULL, NULL, 13, '华盖穴', 'huá gài xué', '宽胸利肺、止咳平喘。', NULL, NULL, NULL),
(334, NULL, NULL, 14, '悬枢穴', 'xuán shū xué', '壮阳益气。', NULL, NULL, NULL),
(335, NULL, NULL, 14, '脊中穴', 'jĭ zhōng xué', '壮阳益气。', NULL, NULL, NULL),
(336, NULL, NULL, 14, '陶道穴', 'táo dào xué', '补益肺气。', NULL, NULL, NULL),
(337, NULL, NULL, 14, '强间穴', 'qiáng jiān xué', '升阳益气。', NULL, NULL, NULL),
(338, NULL, NULL, 14, '后顶穴', 'hòu dĭng xué', '祛风、明目。\r\n\r\n\r\n\r\n', NULL, NULL, NULL),
(339, NULL, NULL, 14, '囟会穴', 'xìn huì xué', '补益肺气，传导水湿。', NULL, NULL, NULL),
(340, NULL, NULL, 14, '兑端穴', 'duì duān xué', '开窍醒脑，宁神醒脑，生津止渴。', NULL, NULL, NULL),
(341, NULL, NULL, 14, '龈交穴', 'yín jiāo xué', '开窍，明目。', NULL, NULL, NULL),
(342, NULL, NULL, 14, '身柱穴', 'shēn zhù xué', '补气壮阳。', NULL, NULL, NULL),
(343, NULL, NULL, 14, '大椎穴', 'dà zhuī xué', '清热解表、截虐止痫。', NULL, NULL, NULL),
(344, NULL, NULL, 14, '百会穴', 'băi huì xué', '开窍醒脑、回阳固脱。', NULL, NULL, NULL),
(345, NULL, NULL, 14, '神庭穴', 'shén tíng xué', '除湿化湿。', NULL, NULL, NULL),
(346, NULL, NULL, 14, '命门穴', 'mìng mén xué', '接续督脉气血。', NULL, NULL, NULL),
(347, NULL, NULL, 14, '神道穴', 'shén dào xué', '壮阳益气。', NULL, NULL, NULL),
(348, NULL, NULL, 14, '风府穴', 'fēng fŭ xué', '散热吸湿。', NULL, NULL, NULL),
(349, NULL, NULL, 14, '长强穴', 'cháng qiáng xué', '向体表输送阳热之气。', NULL, NULL, NULL),
(350, NULL, NULL, 14, '腰阳关穴', 'yāo yáng guān xué', '祛寒除湿，舒筋活络。', NULL, NULL, NULL),
(351, NULL, NULL, 14, '筋缩穴', 'jīn suō xué', '平肝熄风、宁神镇痉。', NULL, NULL, NULL),
(352, NULL, NULL, 14, '素髎穴', 'sù liáo xué', '除湿降浊。', NULL, NULL, NULL),
(353, NULL, NULL, 14, '至阳穴', 'zhì yáng xué', '理气，利胆退黄、宽胸利膈。', NULL, NULL, NULL),
(354, NULL, NULL, 14, '腰俞穴', 'yāo shū xué', '调经清热，散寒除湿。', NULL, NULL, NULL),
(355, NULL, NULL, 14, '上星穴', 'shàng xīng xué', '降浊升清。', NULL, NULL, NULL),
(356, NULL, NULL, 14, '脑户穴', 'năo hù xué', '醒神开窍、平肝熄风。', NULL, NULL, NULL),
(357, NULL, NULL, 14, '哑门穴', 'yă mén xué', '散风熄风、开窍醒神。', NULL, NULL, NULL),
(358, NULL, NULL, 14, '中枢穴', 'zhōng shū xué', '理气，健脾利湿、清热止痛。', NULL, NULL, NULL),
(359, NULL, NULL, 14, '灵台穴', 'líng tái xué', '益气补阳。', NULL, NULL, NULL),
(360, NULL, NULL, 14, '前顶穴', 'qián dĭng xué', '熄风醒脑、宁神镇静。', NULL, NULL, NULL),
(361, NULL, NULL, 14, '水沟穴', 'shuĭ gōu xué', '醒神开窍、清热熄风。', NULL, NULL, NULL),
(362, NULL, NULL, 14, '印堂穴', 'yìn táng xué', '清头明目，通鼻开窍。', NULL, NULL, NULL),
(363, NULL, NULL, 15, '五枢穴', 'wŭ shū xué', '调带脉，理下焦。', NULL, NULL, NULL),
(364, NULL, NULL, 15, '维道穴', 'wéi dào xué', '调带脉，理下焦，舒筋，益肾。', NULL, NULL, NULL),
(365, NULL, NULL, 15, '带脉穴', 'dài mài xué', '健脾利湿，调经止带。', NULL, NULL, NULL),
(366, NULL, NULL, 16, '会阴穴', 'huì yīn xué', '醒神镇惊，通调二阴。', NULL, NULL, NULL),
(367, NULL, NULL, 16, '阴交穴', 'yīn jiāo xué', '收引浊气。', NULL, NULL, NULL),
(368, NULL, NULL, 16, '气冲穴', 'qì chōng xué', '将冲脉之气渗灌胃经。', NULL, NULL, NULL),
(369, NULL, NULL, 16, '横骨穴', 'héng gŭ xué', '受热后循肾经上传大赫穴及输散腹部各处。清热除燥。', NULL, NULL, NULL),
(370, NULL, NULL, 16, '大赫穴', 'dà hè xué', '循肾经上传。散热生气。', NULL, NULL, NULL),
(371, NULL, NULL, 16, '四满穴', 'sì măn xué', '散热冷降下行于中注穴。除湿降浊。', NULL, NULL, NULL),
(372, NULL, NULL, 16, '中注穴', 'zhōng zhù xué', '利湿健脾。', NULL, NULL, NULL),
(373, NULL, NULL, 16, '商曲穴', 'shāng qŭ xué', '运化水湿，清热降温。', NULL, NULL, NULL),
(374, NULL, NULL, 16, '阴都穴', 'yīn dū xué', '调肠胃、理气滞', NULL, NULL, NULL),
(375, NULL, NULL, 16, '气穴', 'qì xué', '补益肾气、调理下焦。', NULL, NULL, NULL),
(376, NULL, NULL, 16, '腹通谷穴', 'fù tōng gŭ xué', '主治消化不良等。', NULL, NULL, NULL),
(377, NULL, NULL, 16, '幽门穴', 'yōu mén xué', '降逆和胃.', NULL, NULL, NULL),
(378, NULL, NULL, 16, '肓俞穴', 'huāng shū xué', '积脂散热。', NULL, NULL, NULL),
(379, NULL, NULL, 16, '石关穴', 'shí guān xué', '益气壮阳，攻坚消满，调理气血。', NULL, NULL, NULL),
(380, NULL, NULL, 17, '大横穴', 'dà héng xué', '转运脾经水湿。', NULL, NULL, NULL),
(381, NULL, NULL, 17, '天突穴', 'tiān tū xué', '吸热生气。', NULL, NULL, NULL),
(382, NULL, NULL, 17, '廉泉穴', 'lián quán xué', '利喉舒舌、消肿止痛。', NULL, NULL, NULL),
(383, NULL, NULL, 17, '期门穴', 'qī mén xué', '健脾疏肝，理气活血。', NULL, NULL, NULL),
(384, NULL, NULL, 17, '筑宾穴', 'zhù bīn xué', '理下焦、清神。', NULL, NULL, NULL),
(385, NULL, NULL, 17, '府舍穴', 'fŭ shĕ xué', '气血物质为地部经水。', NULL, NULL, NULL),
(386, NULL, NULL, 17, '腹哀穴', 'fù āi xué', '健脾和胃，理气调肠。', NULL, NULL, NULL),
(387, NULL, NULL, 18, '阳交穴', 'yáng jiāo xué', '利腿足、镇惊、清热。', NULL, NULL, NULL),
(388, NULL, NULL, 18, '天髎穴', 'tiān liáo xué', '收引天部湿浊。', NULL, NULL, NULL),
(389, NULL, NULL, 18, '风池穴', 'fēng chí xué', '壮阳益气。', NULL, NULL, NULL),
(390, NULL, NULL, 18, '肩井穴', 'jiān jĭng xué', '疏导水液。', NULL, NULL, NULL),
(391, NULL, NULL, 18, '风府穴', 'fēng fŭ xué', '散热吸湿。', NULL, NULL, NULL),
(392, NULL, NULL, 18, '头维穴', 'tóu wéi xué', '祛风泄火，止痛明目。', NULL, NULL, NULL),
(393, NULL, NULL, 18, '臑俞穴', 'nào shū xué', '舒筋活络，化痰消肿。\r\n\r\n\r\n\r\n', NULL, NULL, NULL),
(394, NULL, NULL, 18, '阳白穴', 'yáng bái xué', '生气壮阳。', NULL, NULL, NULL),
(395, NULL, NULL, 18, '哑门穴', 'yă mén xué', '散风熄风、开窍醒神。', NULL, NULL, NULL),
(396, NULL, NULL, 18, '脑空穴', 'năo kōng xué', '降浊分清。', NULL, NULL, NULL),
(397, NULL, NULL, 18, '金门穴', 'jīn mén xué', '补阳益气，疏导水湿。', NULL, NULL, NULL),
(398, NULL, NULL, 18, '本神穴', 'bĕn shén xué', '宁神，祛风，舒筋。', NULL, NULL, NULL),
(399, NULL, NULL, 18, '头临泣穴', 'tóu lín qì xué', '明目，祛风，清神。', NULL, NULL, NULL),
(400, NULL, NULL, 18, '目窗穴', 'mù chuāng xué', '明目开窍，祛风定惊。', NULL, NULL, NULL),
(401, NULL, NULL, 18, '正营穴', 'zhèng yíng xué', '祛风，利口齿。', NULL, NULL, NULL),
(402, NULL, NULL, 18, '承灵穴', 'chéng líng xué', '祛风，通窍。', NULL, NULL, NULL),
(403, NULL, NULL, 19, '照海穴', 'zhào hăi xué', '吸热生气。', NULL, NULL, NULL),
(404, NULL, NULL, 19, '睛明穴', 'jīng míng xué', '降温除浊。', NULL, NULL, NULL),
(405, NULL, NULL, 19, '交信穴', 'jiāo xìn xué', '益肾调经，调理二便。', NULL, NULL, NULL),
(406, NULL, NULL, 20, '天髎穴', 'tiān liáo xué', '收引天部湿浊。', NULL, NULL, NULL),
(407, NULL, NULL, 20, '申脉穴', 'shēn mài xué', '补阳益气，疏导水湿。', NULL, NULL, NULL),
(408, NULL, NULL, 20, '承泣穴', 'chéng qì xué', '疏风清热，明目止痛。', NULL, NULL, NULL),
(409, NULL, NULL, 20, '地仓穴', 'dì cāng xué', '分流胃经地部经水，为阳跷脉提供阳热之气。', NULL, NULL, NULL),
(410, NULL, NULL, 20, '睛明穴', 'jīng míng xué', '降温除浊。', NULL, NULL, NULL),
(411, NULL, NULL, 20, '巨骨穴', 'jù gŭ xué', '消肿散结。', NULL, NULL, NULL),
(412, NULL, NULL, 20, '臑俞穴', 'nào shū xué', '舒筋活络，化痰消肿。\r\n\r\n\r\n\r\n', NULL, NULL, NULL),
(413, NULL, NULL, 20, '肩髃穴', 'jiān yú xué', '疏散经络风湿，清泄阳明气火，通利关节，祛邪解热。', NULL, NULL, NULL),
(414, NULL, NULL, 20, '巨髎穴', 'jù liáo xué', '冷降胃浊。', NULL, NULL, NULL),
(415, NULL, NULL, 20, '跗阳穴', 'fū yáng xué', '吸热化湿。', NULL, NULL, NULL),
(416, NULL, NULL, 20, '居髎穴', 'jū liáo xué', '舒筋活络，益肾强健。', NULL, NULL, NULL),
(417, NULL, NULL, 20, '仆参穴', 'pú cān xué', '益气壮阳，舒筋活络，强壮腰膝。', NULL, NULL, NULL),
(418, NULL, NULL, 21, '四神聪穴', 'sì shén cōng xué', '现代常用于治疗神经性头痛、脑血管病、高血压、神经衰弱、精神病、小儿多动症、血管性痴呆、大脑发育不全等。配神门、三阴交主治失眠；配太冲、风池主治头痛、头昏。', NULL, NULL, NULL),
(419, NULL, NULL, 21, '当阳穴', 'dāng yáng xué', '疏风通络，清头明目。', NULL, NULL, NULL),
(420, NULL, NULL, 21, '鱼腰穴', 'yú yāo xué', '镇惊安神，疏风通络。', NULL, NULL, NULL),
(421, NULL, NULL, 21, '太阳穴', 'tài yáng xué', '清肝明目，通络止痛。', NULL, NULL, NULL),
(422, NULL, NULL, 21, '耳尖穴', 'ĕr jiān xué', '清热祛风，解痉止痛。', NULL, NULL, NULL),
(423, NULL, NULL, 21, '球后穴', 'qiú hòu xué', '清热明目。', NULL, NULL, NULL),
(424, NULL, NULL, 21, '上迎香穴', 'shàng yíng xiāng xué', '清热散风，宣通鼻窍。', NULL, NULL, NULL),
(425, NULL, NULL, 21, '内迎香穴', 'nèi yíng xiāng xué', '', NULL, NULL, NULL),
(426, NULL, NULL, 21, '聚泉穴', 'jù quán xué', '清散风热，祛邪开窍', NULL, NULL, NULL),
(427, NULL, NULL, 21, '海泉穴', 'hăi quán xué', '舌缓不收、重舌肿胀', NULL, NULL, NULL),
(428, NULL, NULL, 21, '金津穴', 'jīn jīn xué', '清泻热邪，生津止渴', NULL, NULL, NULL),
(429, NULL, NULL, 21, '玉液穴', 'yù yè xué', '清泻热邪，生津止渴', NULL, NULL, NULL),
(430, NULL, NULL, 21, '翳明穴', 'yì míng xué', '明目聪耳，宁心安神', NULL, NULL, NULL),
(431, NULL, NULL, 21, '颈百劳穴', 'jĭng băi láo xué', '滋补肺阴，舒筋活络', NULL, NULL, NULL),
(432, NULL, NULL, 21, '子宫穴', 'zĭ gōng xué', '调经理气，升提下陷', NULL, NULL, NULL),
(433, NULL, NULL, 21, '定喘穴', 'dìng chuăn xué', '止咳平喘，通宣理肺', NULL, NULL, NULL),
(434, NULL, NULL, 21, '夹脊穴', 'jiā jĭ xué', '调节脏腹机能', NULL, NULL, NULL),
(435, NULL, NULL, 21, '胃脘下俞穴', 'wèi wăn xià shū xué', '健脾和胃，理气止痛', NULL, NULL, NULL),
(436, NULL, NULL, 21, '痞根穴', 'pĭ gēn xué', '健脾和胃，理气止痛', NULL, NULL, NULL),
(437, NULL, NULL, 21, '下极俞穴', 'xià jí shū xué', '强腰健肾。', NULL, NULL, NULL),
(438, NULL, NULL, 21, '腰宜穴', 'yāo yí xué', '理气和中。', NULL, NULL, NULL),
(439, NULL, NULL, 21, '腰眼穴', 'yāo yăn xué', '强腰健肾', NULL, NULL, NULL),
(440, NULL, NULL, 21, '十七椎穴', 'shí qī zhuī xué', '强腰补肾，主理胞宫', NULL, NULL, NULL),
(441, NULL, NULL, 21, '腰奇穴', 'yāo qí xué', '安神志', NULL, NULL, NULL),
(442, NULL, NULL, 21, '肘尖穴', 'zhŏu jiān xué', '散结化瘀，清热解毒', NULL, NULL, NULL),
(443, NULL, NULL, 21, '二白穴', 'èr bái xué', '调和气血，提肛消痔', NULL, NULL, NULL),
(444, NULL, NULL, 21, '中泉穴', 'zhōng quán xué', '宽胸理气，和胃止痛', NULL, NULL, NULL),
(445, NULL, NULL, 21, '中魁穴', 'zhōng kuí xué', '', NULL, NULL, NULL),
(446, NULL, NULL, 21, '大骨空穴', 'dà gŭ kōng xué', '退翼明目', NULL, NULL, NULL),
(447, NULL, NULL, 21, '小骨空穴', 'xiăo gŭ kōng xué', '明目止痛。', NULL, NULL, NULL),
(448, NULL, NULL, 21, '腰痛点穴', 'yāo tòng diăn xué', '舒筋通络，化瘀止痛', NULL, NULL, NULL),
(449, NULL, NULL, 21, '外劳宫穴', 'wài láo gōng xué', '通经活络，祛风止痛', NULL, NULL, NULL),
(450, NULL, NULL, 21, '八邪穴', 'bā xié xué', '祛风通络，清热解毒', NULL, NULL, NULL),
(451, NULL, NULL, 21, '四缝穴', 'sì fèng xué', '消食导滞，祛痰化积', NULL, NULL, NULL),
(452, NULL, NULL, 21, '十宣穴', 'shí xuān xué', '清热开窍醒神', NULL, NULL, NULL),
(453, NULL, NULL, 21, '髋骨穴', 'kuān gŭ xué', '', NULL, NULL, NULL),
(454, NULL, NULL, 21, '鹤顶穴', 'hè dĭng xué', '通利关节', NULL, NULL, NULL),
(455, NULL, NULL, 21, '百虫窝穴', 'băi chóng wō xué', '祛风活血，驱虫止痒', NULL, NULL, NULL),
(456, NULL, NULL, 21, '内膝眼穴', 'nèi xī yăn xué', '活血通络，疏利关节', NULL, NULL, NULL),
(457, NULL, NULL, 21, '膝眼穴', 'xī yăn xué', '活血通络，疏利关节', NULL, NULL, NULL),
(458, NULL, NULL, 21, '胆囊穴', 'dăn náng xué', '利胆通腑', NULL, NULL, NULL),
(459, NULL, NULL, 21, '阑尾穴', 'lán wĕi xué', '清热解毒，化瘀通腑', NULL, NULL, NULL),
(460, NULL, NULL, 21, '内踝尖穴', 'nèi huái jiān xué', '舒筋活络', NULL, NULL, NULL),
(461, NULL, NULL, 21, '外踝尖穴', 'wài huái jiān xué', '舒筋活络', NULL, NULL, NULL),
(462, NULL, NULL, 21, '八风穴', 'bā fēng xué', '祛风通络，清热解毒', NULL, NULL, NULL),
(463, NULL, NULL, 21, '独阴穴', 'dú yīn xué', '调理冲任', NULL, NULL, NULL),
(464, NULL, NULL, 21, '气端穴', 'qì duān xué', '通络开窍', NULL, NULL, NULL),
(465, NULL, NULL, 21, '安眠穴', '', '平肝熄风，宁神定志，镇静助眠。', NULL, NULL, NULL);

--
-- Indexes for dumped tables
--

--
-- Indexes for table `cmssp_channel`
--
ALTER TABLE `cmssp_channel`
  ADD PRIMARY KEY (`id`);

--
-- Indexes for table `cmssp_disease`
--
ALTER TABLE `cmssp_disease`
  ADD PRIMARY KEY (`id`);

--
-- Indexes for table `cmssp_point`
--
ALTER TABLE `cmssp_point`
  ADD PRIMARY KEY (`id`);

--
-- 在导出的表使用AUTO_INCREMENT
--

--
-- 使用表AUTO_INCREMENT `cmssp_channel`
--
ALTER TABLE `cmssp_channel`
  MODIFY `id` bigint(20) UNSIGNED NOT NULL AUTO_INCREMENT, AUTO_INCREMENT=22;
--
-- 使用表AUTO_INCREMENT `cmssp_disease`
--
ALTER TABLE `cmssp_disease`
  MODIFY `id` bigint(20) UNSIGNED NOT NULL AUTO_INCREMENT, AUTO_INCREMENT=6;
--
-- 使用表AUTO_INCREMENT `cmssp_point`
--
ALTER TABLE `cmssp_point`
  MODIFY `id` bigint(20) UNSIGNED NOT NULL AUTO_INCREMENT, AUTO_INCREMENT=466;
/*!40101 SET CHARACTER_SET_CLIENT=@OLD_CHARACTER_SET_CLIENT */;
/*!40101 SET CHARACTER_SET_RESULTS=@OLD_CHARACTER_SET_RESULTS */;
/*!40101 SET COLLATION_CONNECTION=@OLD_COLLATION_CONNECTION */;
